name	nAnno	nOverlap	fc	zscore	pvalue	adjp	or	CIl	CIu	groupTested	TermID
Severe muscular hypotonia	13	13	5.28	7.98	2.5e-12	3.3e-10	Inf	31.9	Inf	OMIM:616900	HP:0006829
Developmental regression	15	11	0	7.76	2.4e-09	3.2e-07	0	0	2.59	OMIM:616900	HP:0002376
Reduced tendon reflexes	25	10	5.01	6.23	1.3e-06	0.00017	14.7	4.63	48.5	OMIM:616900	HP:0001315
Abnormality of the musculature	171	18	2.12	4.5	3.4e-06	0.00046	24.7	3.82	1030	OMIM:616900	HP:0003011
Seizures	74	15	0	4.69	1e-05	0.0014	0	0	1.23	OMIM:616900	HP:0001250
Respiratory insufficiency	17	8	1.35	3.96	0.00011	0.015	1.99	0.496	8.62	OMIM:616900	HP:0002093
Abnormality of upper lip vermillion	18	9	2.25	3.86	0.00011	0.015	Inf	0.24	Inf	OMIM:616900	HP:0011339
Severe global developmental delay	12	8	6.25	4.28	0.00019	0.026	44.8	10.6	238	OMIM:616900	HP:0011344
Abnormality of head or neck	219	18	1.18	3.39	0.00028	0.038	1.87	0.547	8.22	OMIM:616900	HP:0000152
